Trip nr,Date,Port,Boat,Area,Latt,Long,Depth (fa),Depth (m),Nights,Set,Number Nets,Net Length,Mesh size (inch),Hight of nets (number of mesh),Number of lumpfish,Birds,BLGU,COEI,GRCO,EUSH,ATPU,COMU,LTDU,RAZO,Mammals,Species
1,03/04/2016,Vopnafjordur,Ás,F,66.10493,14.5688,15,28.2,3,18,6,61,10.5,12,30,0,0,0,0,0,0,0,0,0,1,Landselur
1,03/04/2016,Vopnafjordur,Ás,F,66.10399,14.56975,15,28.2,3,19,6,61,10.5,12,28,0,0,0,0,0,0,0,0,0,1,Hnýsa
1,03/04/2016,Vopnafjordur,Ás,F,66.10849,14.55712,14,26.32,3,13,6,61,10.5,12,35,1,0,0,0,0,0,1,0,0,0,
1,03/04/2016,Vopnafjordur,Ás,F,66.16225,14.53218,32,60.16,3,1,6,61,10.5,12,33,0,0,0,0,0,0,0,0,0,0,
1,03/04/2016,Vopnafjordur,Ás,F,66.1145,14.52789,31,58.28,3,2,6,61,10.5,12,19,0,0,0,0,0,0,0,0,0,0,
1,03/04/2016,Vopnafjordur,Ás,F,66.11554,14.52587,28,52.64,3,3,6,61,10.5,12,23,0,0,0,0,0,0,0,0,0,0,
1,03/04/2016,Vopnafjordur,Ás,F,66.1164,14.52382,27,50.76,3,4,6,61,10.5,12,26,0,0,0,0,0,0,0,0,0,0,
1,03/04/2016,Vopnafjordur,Ás,F,66.11729,14.5373,15,28.2,3,5,6,61,10.5,12,11,0,0,0,0,0,0,0,0,0,0,
1,03/04/2016,Vopnafjordur,Ás,F,66.11644,14.53842,16,30.08,3,6,6,61,10.5,12,17,0,0,0,0,0,0,0,0,0,0,
1,03/04/2016,Vopnafjordur,Ás,F,66.11589,14.5398,16,30.08,3,7,6,61,10.5,12,31,0,0,0,0,0,0,0,0,0,0,
1,03/04/2016,Vopnafjordur,Ás,F,66.1137,14.54528,16,30.08,3,8,6,61,10.5,12,39,0,0,0,0,0,0,0,0,0,0,
1,03/04/2016,Vopnafjordur,Ás,F,66.11261,14.54798,16,30.08,3,9,6,61,10.5,12,41,0,0,0,0,0,0,0,0,0,0,
1,03/04/2016,Vopnafjordur,Ás,F,66.11133,14.54938,16,30.08,3,10,6,61,10.5,12,42,0,0,0,0,0,0,0,0,0,0,
1,03/04/2016,Vopnafjordur,Ás,F,66.1106,14.5522,15,28.2,3,11,6,61,10.5,12,40,0,0,0,0,0,0,0,0,0,0,
1,03/04/2016,Vopnafjordur,Ás,F,66.11012,14.55465,13,24.44,3,12,6,61,10.5,12,36,0,0,0,0,0,0,0,0,0,0,
1,03/04/2016,Vopnafjordur,Ás,F,66.10804,14.65009,14,26.32,3,14,6,61,10.5,12,25,0,0,0,0,0,0,0,0,0,0,
1,03/04/2016,Vopnafjordur,Ás,F,66.10733,14.56191,15,28.2,3,15,6,61,10.5,12,35,0,0,0,0,0,0,0,0,0,0,
1,03/04/2016,Vopnafjordur,Ás,F,66.10674,14.56331,15,28.2,3,16,6,61,10.5,12,17,0,0,0,0,0,0,0,0,0,0,
1,03/04/2016,Vopnafjordur,Ás,F,66.10499,14.56545,15,28.2,3,17,6,61,10.5,12,33,0,0,0,0,0,0,0,0,0,0,
1,03/04/2016,Vopnafjordur,Ás,F,66.10391,14.57166,15,28.2,3,20,6,61,10.5,12,32,0,0,0,0,0,0,0,0,0,0,
1,03/04/2016,Vopnafjordur,Ás,F,66.10357,14.57348,15,28.2,3,21,6,61,10.5,12,24,0,0,0,0,0,0,0,0,0,0,
2,03/04/2016,Vopnafjordur,Viggi NS,F,65.5555,14.3488,40,75.2,5,1,7,60,10.5,12,19,0,0,0,0,0,0,0,0,0,0,
2,03/04/2016,Vopnafjordur,Viggi NS,F,65.5565,14.3482,42,78.96,3,2,7,60,10.5,12,38,0,0,0,0,0,0,0,0,0,0,
2,03/04/2016,Vopnafjordur,Viggi NS,F,65.5556,14.35,40.4,75.952,3,3,7,60,10.5,12,48,0,0,0,0,0,0,0,0,0,0,
2,03/04/2016,Vopnafjordur,Viggi NS,F,65.5577,14.3484,37.2,69.936,3,4,7,60,10.5,12,55,0,0,0,0,0,0,0,0,0,0,
2,03/04/2016,Vopnafjordur,Viggi NS,F,65.5586,14.3466,40,75.2,3,5,7,60,10.5,12,42,0,0,0,0,0,0,0,0,0,0,
2,03/04/2016,Vopnafjordur,Viggi NS,F,65.5602,14.3449,44.5,83.66,3,6,7,60,10.5,12,41,0,0,0,0,0,0,0,0,0,0,
2,03/04/2016,Vopnafjordur,Viggi NS,F,65.5619,14.3429,47,88.36,3,7,7,60,10.5,12,41,0,0,0,0,0,0,0,0,0,0,
2,03/04/2016,Vopnafjordur,Viggi NS,F,65.5722,14.3392,44,82.72,3,8,7,60,10.5,12,59,0,0,0,0,0,0,0,0,0,0,
2,03/04/2016,Vopnafjordur,Viggi NS,F,65.5741,14.3387,45,84.6,3,9,7,60,10.5,12,45,0,0,0,0,0,0,0,0,0,0,
2,03/04/2016,Vopnafjordur,Viggi NS,F,66.0203,14.3599,41,77.08,3,10,7,60,10.5,12,20,0,0,0,0,0,0,0,0,0,0,
2,03/04/2016,Vopnafjordur,Viggi NS,F,66.0218,14.3598,42,78.96,3,11,7,60,10.5,12,25,0,0,0,0,0,0,0,0,0,0,
2,03/04/2016,Vopnafjordur,Viggi NS,F,66.0246,14.3592,42.2,79.336,3,12,7,60,10.5,12,28,0,0,0,0,0,0,0,0,0,0,
2,03/04/2016,Vopnafjordur,Viggi NS,F,66.0265,14.3605,43.5,81.78,3,13,7,60,10.5,12,34,0,0,0,0,0,0,0,0,0,0,
2,03/04/2016,Vopnafjordur,Viggi NS,F,66.0321,14.3705,43.4,81.592,3,14,7,60,10.5,12,17,0,0,0,0,0,0,0,0,0,0,
2,03/04/2016,Vopnafjordur,Viggi NS,F,66.0354,14.379,36,67.68,3,15,7,60,10.5,12,26,0,0,0,0,0,0,0,0,0,0,
2,03/04/2016,Vopnafjordur,Viggi NS,F,66.0321,14.3671,43.5,81.78,5,16,7,60,10.5,12,17,0,0,0,0,0,0,0,0,0,0,
2,03/04/2016,Vopnafjordur,Viggi NS,F,66.0379,14.3685,42.9,80.652,3,17,7,60,10.5,12,26,0,0,0,0,0,0,0,0,0,0,
3,04/04/2016,Thorshofn,Garðar ÞH,E,66.17557,15.07951,7.2,13.536,1,1,5,66,10.5,12,37,0,0,0,0,0,0,0,0,0,0,
3,04/04/2016,Thorshofn,Garðar ÞH,E,66.17713,15.07527,8.5,15.98,1,2,5,66,10.5,12,22,0,0,0,0,0,0,0,0,0,0,
3,04/04/2016,Thorshofn,Garðar ÞH,E,66.17814,15.06805,8.4,15.792,1,3,5,66,10.5,12,32,0,0,0,0,0,0,0,0,0,0,
3,04/04/2016,Thorshofn,Garðar ÞH,E,66.18022,15.06908,8.1,15.228,1,4,5,66,10.5,12,23,0,0,0,0,0,0,0,0,0,0,
3,04/04/2016,Thorshofn,Garðar ÞH,E,66.18182,15.06595,8.8,16.544,1,5,5,66,10.5,12,30,0,0,0,0,0,0,0,0,0,0,
3,04/04/2016,Thorshofn,Garðar ÞH,E,66.18451,15.07155,9.6,18.048,1,6,5,66,10.5,12,41,0,0,0,0,0,0,0,0,0,0,
3,04/04/2016,Thorshofn,Garðar ÞH,E,66.18278,15.05627,7,13.16,1,7,5,66,10.5,12,37,0,0,0,0,0,0,0,0,0,0,
3,04/04/2016,Thorshofn,Garðar ÞH,E,66.18292,15.05054,10.1,18.988,1,8,5,66,10.5,12,30,0,0,0,0,0,0,0,0,0,0,
3,04/04/2016,Thorshofn,Garðar ÞH,E,66.19051,15.03104,9.1,17.108,1,9,5,66,10.5,12,20,0,0,0,0,0,0,0,0,0,0,
3,04/04/2016,Thorshofn,Garðar ÞH,E,66.19176,15.03292,13,24.44,1,10,5,66,10.5,12,23,0,0,0,0,0,0,0,0,0,0,
3,04/04/2016,Thorshofn,Garðar ÞH,E,66.18915,15.03124,8.7,16.356,1,11,5,66,10.5,12,24,0,0,0,0,0,0,0,0,0,0,
3,04/04/2016,Thorshofn,Garðar ÞH,E,66.18724,15.03265,8.8,16.544,1,12,5,66,10.5,12,28,0,0,0,0,0,0,0,0,0,0,
3,04/04/2016,Thorshofn,Garðar ÞH,E,66.18745,15.03804,8,15.04,1,13,5,66,10.5,12,29,0,0,0,0,0,0,0,0,0,0,
4,04/04/2016,Thorshofn,Manni ÞH,E,66.1786,15.4253,6,11.28,3,6,5,68,10.5,12,113,1,0,0,0,0,0,0,1,0,0,
4,04/04/2016,Thorshofn,Manni ÞH,E,66.1543,15.2156,6,11.28,2,10,5,68,10.5,12,135,1,0,0,1,0,0,0,0,0,0,
4,04/04/2016,Thorshofn,Manni ÞH,E,66.1942,15.4042,12,22.56,3,1,5,68,10.5,12,68,0,0,0,0,0,0,0,0,0,0,
4,04/04/2016,Thorshofn,Manni ÞH,E,66.1926,15.4078,10,18.8,3,2,5,68,10.5,12,72,0,0,0,0,0,0,0,0,0,0,
4,04/04/2016,Thorshofn,Manni ÞH,E,66.1835,15.4155,10,18.8,3,3,5,68,10.5,12,94,0,0,0,0,0,0,0,0,0,0,
4,04/04/2016,Thorshofn,Manni ÞH,E,66.1876,15.4255,8,15.04,3,4,5,68,10.5,12,75,0,0,0,0,0,0,0,0,0,0,
4,04/04/2016,Thorshofn,Manni ÞH,E,66.183,15.418,9,16.92,3,5,5,68,10.5,12,58,0,0,0,0,0,0,0,0,0,0,
4,04/04/2016,Thorshofn,Manni ÞH,E,66.1575,15.4052,8,15.04,1,7,5,68,10.5,12,28,0,0,0,0,0,0,0,0,0,0,
4,04/04/2016,Thorshofn,Manni ÞH,E,66.1547,15.2188,4,7.52,2,8,5,68,10.5,12,110,0,0,0,0,0,0,0,0,0,0,
4,04/04/2016,Thorshofn,Manni ÞH,E,66.1543,15.219,7,13.16,2,9,5,68,10.5,12,72,0,0,0,0,0,0,0,0,0,0,
5,05/04/2016,Thorshofn,Garðar ÞH,E,66.1976,15.0173,12.3,23.124,2,6,5,66,10.5,12,51,1,0,0,1,0,0,0,0,0,0,
5,05/04/2016,Thorshofn,Garðar ÞH,E,66.1856,15.0603,9.9,18.612,2,1,5,66,10.5,12,60,0,0,0,0,0,0,0,0,0,0,
5,05/04/2016,Thorshofn,Garðar ÞH,E,66.1856,15.0503,11.1,20.868,2,2,5,66,10.5,12,48,0,0,0,0,0,0,0,0,0,0,
5,05/04/2016,Thorshofn,Garðar ÞH,E,66.1892,15.0505,11.6,21.808,2,3,5,66,10.5,12,64,0,0,0,0,0,0,0,0,0,0,
5,05/04/2016,Thorshofn,Garðar ÞH,E,66.1942,15.0299,12.6,23.688,2,4,5,66,10.5,12,59,0,0,0,0,0,0,0,0,0,0,
5,05/04/2016,Thorshofn,Garðar ÞH,E,66.1959,15.0269,11.6,21.808,2,5,5,66,10.5,12,55,0,0,0,0,0,0,0,0,0,0,
5,05/04/2016,Thorshofn,Garðar ÞH,E,66.2005,15.0187,13.4,25.192,2,7,5,66,10.5,12,29,0,0,0,0,0,0,0,0,0,0,
5,05/04/2016,Thorshofn,Garðar ÞH,E,66.1933,15.0359,12.8,24.064,1,8,5,66,10.5,12,21,0,0,0,0,0,0,0,0,0,0,
5,05/04/2016,Thorshofn,Garðar ÞH,E,66.1877,15.0393,11.9,22.372,1,9,5,66,10.5,12,22,0,0,0,0,0,0,0,0,0,0,
5,05/04/2016,Thorshofn,Garðar ÞH,E,66.1911,15.0721,14.8,27.824,1,10,5,66,10.5,12,19,0,0,0,0,0,0,0,0,0,0,
5,05/04/2016,Thorshofn,Garðar ÞH,E,66.1939,15.0675,17,31.96,1,11,5,66,10.5,12,27,0,0,0,0,0,0,0,0,0,0,
6,05/04/2016,Raufarhofn,Nanna Ósk II,E,66.2939,15.5188,9.4,17.672,2,1,5,66,10.5,12,10,0,0,0,0,0,0,0,0,0,0,
6,05/04/2016,Raufarhofn,Nanna Ósk II,E,66.2917,15.521,7.7,14.476,2,2,10,66,10.5,12,68,0,0,0,0,0,0,0,0,0,0,
6,05/04/2016,Raufarhofn,Nanna Ósk II,E,66.289,15.5228,9,16.92,2,3,10,66,10.5,12,50,0,0,0,0,0,0,0,0,0,0,
6,05/04/2016,Raufarhofn,Nanna Ósk II,E,66.2866,15.5305,9.2,17.296,2,4,10,66,10.5,12,53,0,0,0,0,0,0,0,0,0,0,
6,05/04/2016,Raufarhofn,Nanna Ósk II,E,66.2843,15.5345,10,18.8,2,5,10,66,10.5,12,68,0,0,0,0,0,0,0,0,0,0,
6,05/04/2016,Raufarhofn,Nanna Ósk II,E,66.2828,15.538,9,16.92,2,6,10,66,10.5,12,120,0,0,0,0,0,0,0,0,0,0,
7,06/04/2016,Kopasker,Jaki,E,66.2433,16.3329,12.3,23.124,2,1,8,65,10.5,12,100,0,0,0,0,0,0,0,0,0,0,
7,06/04/2016,Kopasker,Jaki,E,66.2451,16.3366,12.4,23.312,2,2,8,65,10.5,12,96,0,0,0,0,0,0,0,0,0,0,
7,06/04/2016,Kopasker,Jaki,E,66.2487,16.3383,10.6,19.928,2,3,8,65,10.5,12,75,0,0,0,0,0,0,0,0,0,0,
7,06/04/2016,Kopasker,Jaki,E,66.2845,16.3629,11.8,22.184,2,4,8,65,10.5,6-12/2-16,112,0,0,0,0,0,0,0,0,0,0,
7,06/04/2016,Kopasker,Jaki,E,66.283,16.3607,11.5,21.62,2,5,8,65,10.5,12,118,0,0,0,0,0,0,0,0,0,0,
7,06/04/2016,Kopasker,Jaki,E,66.2624,16.3524,11.6,21.808,2,6,8,65,10.5,12,77,0,0,0,0,0,0,0,0,0,0,
7,06/04/2016,Kopasker,Jaki,E,66.1841,16.2952,9.7,18.236,2,7,8,65,10.5,7-12/1-16,141,0,0,0,0,0,0,0,0,0,0,
8,06/04/2016,Kopasker,Stella EA,E,66.2028,16.3043,,15,3,1,8,60,10.5,12,276,0,0,0,0,0,0,0,0,0,0,
8,06/04/2016,Kopasker,Stella EA,E,66.2035,16.3092,,14,3,2,8,60,10.5,12,246,0,0,0,0,0,0,0,0,0,0,
8,06/04/2016,Kopasker,Stella EA,E,66.19,16.3003,,12,1,3,8,60,10.5,12,164,0,0,0,0,0,0,0,0,0,0,
8,06/04/2016,Kopasker,Stella EA,E,66.1884,16.3026,,19,1,4,7,60,10.5,12,60,0,0,0,0,0,0,0,0,0,0,
9,07/04/2016,Husavik,Baldvin ÞH,E,66.0984,17.4958,6.5,12.22,3,1,6,62,10.5,12,91,0,0,0,0,0,0,0,0,0,0,
9,07/04/2016,Husavik,Baldvin ÞH,E,66.0961,17.4924,9.1,17.108,3,2,6,62,10.5,12,58,0,0,0,0,0,0,0,0,0,0,
9,07/04/2016,Husavik,Baldvin ÞH,E,66.0938,17.4949,11.1,20.868,2,3,6,62,10.5,12,59,0,0,0,0,0,0,0,0,0,0,
9,07/04/2016,Husavik,Baldvin ÞH,E,66.0895,17.4926,10.2,19.176,2,4,6,62,10.5,12,140,0,0,0,0,0,0,0,0,0,0,
9,07/04/2016,Husavik,Baldvin ÞH,E,66.085,17.4929,21,39.48,4,5,6,62,10.5,12,110,0,0,0,0,0,0,0,0,0,0,
9,07/04/2016,Husavik,Baldvin ÞH,E,66.0901,17.4892,13.7,25.756,4,6,6,62,10.5,12,115,0,0,0,0,0,0,0,0,0,0,
9,07/04/2016,Husavik,Baldvin ÞH,E,66.0865,17.4911,10.4,19.552,3,7,6,62,10.5,12,138,0,0,0,0,0,0,0,0,0,0,
9,07/04/2016,Husavik,Baldvin ÞH,E,66.0859,17.5025,19.4,36.472,3,8,6,62,10.5,12,120,0,0,0,0,0,0,0,0,0,0,
9,07/04/2016,Husavik,Baldvin ÞH,E,66.086,17.5092,14.2,26.696,2,9,6,62,10.5,12,110,0,0,0,0,0,0,0,0,0,0,
9,07/04/2016,Husavik,Baldvin ÞH,E,66.08,17.5283,4.3,8.084,2,10,6,62,10.5,12,160,0,0,0,0,0,0,0,0,0,0,
9,07/04/2016,Husavik,Baldvin ÞH,E,66.0538,17.457,12.6,23.688,4,11,5,62,10.5,12,110,0,0,0,0,0,0,0,0,0,0,
9,07/04/2016,Husavik,Baldvin ÞH,E,66.0521,17.4561,12,22.56,4,12,5,62,10.5,12,0,0,0,0,0,0,0,0,0,0,0,
10,07/04/2016,Husavik,Sigrún Hrönn ÞH,E,66.1134,17.1511,20,37.6,2,1,5,64,10.5,12,92,0,0,0,0,0,0,0,0,0,0,
10,07/04/2016,Husavik,Sigrún Hrönn ÞH,E,66.1802,17.0808,24,45.12,3,2,5,64,10.5,12,150,0,0,0,0,0,0,0,0,0,0,
10,07/04/2016,Husavik,Sigrún Hrönn ÞH,E,66.1749,17.0773,24,45.12,3,3,5,64,10.5,12,117,0,0,0,0,0,0,0,0,0,0,
10,07/04/2016,Husavik,Sigrún Hrönn ÞH,E,66.1419,17.0539,23,43.24,3,4,5,64,10.5,12,94,0,0,0,0,0,0,0,0,0,0,
10,07/04/2016,Husavik,Sigrún Hrönn ÞH,E,66.1196,16.5926,21,39.48,3,5,5,64,10.5,12,88,0,0,0,0,0,0,0,0,0,0,
10,07/04/2016,Husavik,Sigrún Hrönn ÞH,E,66.1205,16.5944,22.5,42.3,3,6,5,64,10.5,12,62,0,0,0,0,0,0,0,0,0,0,
10,07/04/2016,Husavik,Sigrún Hrönn ÞH,E,66.1211,16.5899,26.5,49.82,3,7,5,64,10.5,12,116,0,0,0,0,0,0,0,0,0,0,
10,07/04/2016,Husavik,Sigrún Hrönn ÞH,E,66.1293,17.0248,15.2,28.576,3,8,5,64,10.5,12,90,0,0,0,0,0,0,0,0,0,0,
10,07/04/2016,Husavik,Sigrún Hrönn ÞH,E,66.128,17.0309,15.5,29.14,3,9,5,64,10.5,12,85,0,0,0,0,0,0,0,0,0,0,
10,07/04/2016,Husavik,Sigrún Hrönn ÞH,E,66.1169,17.1388,12.4,23.312,2,10,5,64,10.5,12,80,0,0,0,0,0,0,0,0,0,0,
11,15/04/2016,Akranes,Flugalda,A,64.1747,22.0235,8.7,16.356,3,1,6,70,10.5,14,27,0,0,0,0,0,0,0,0,0,0,
11,15/04/2016,Akranes,Flugalda,A,64.1758,22.0488,6.9,12.972,3,2,6,70,10.5,14,80,0,0,0,0,0,0,0,0,0,0,
11,15/04/2016,Akranes,Flugalda,A,64.1759,22.0473,8.3,15.604,3,3,6,70,10.5,14,64,0,0,0,0,0,0,0,0,0,0,
11,15/04/2016,Akranes,Flugalda,A,64.1764,22.0527,7,13.16,2,4,6,70,10.5,14,72,0,0,0,0,0,0,0,0,0,0,
11,15/04/2016,Akranes,Flugalda,A,64.1764,22.0514,6,11.28,3,5,6,70,10.5,14,84,0,0,0,0,0,0,0,0,0,0,
11,15/04/2016,Akranes,Flugalda,A,64.1818,22.0653,4.3,8.084,4,6,6,70,10.5,14,55,0,0,0,0,0,0,0,0,0,0,
12,14/04/2016,Skagastrond,Alda HU,D,65.5797,20.2536,10,18.8,3,2,8,66,11,14,41,0,0,0,0,0,0,0,0,0,1,Hnýsa
12,14/04/2016,Skagastrond,Alda HU,D,65.5829,20.2558,11,20.68,3,1,7,66,11,14,47,0,0,0,0,0,0,0,0,0,0,
12,14/04/2016,Skagastrond,Alda HU,D,65.5773,20.2521,9,16.92,3,3,8,66,11,14,42,0,0,0,0,0,0,0,0,0,0,
12,14/04/2016,Skagastrond,Alda HU,D,65.5732,20.2515,17,31.96,3,4,8,66,11,14,24,0,0,0,0,0,0,0,0,0,0,
12,14/04/2016,Skagastrond,Alda HU,D,65.571,20.2493,11,20.68,3,5,8,66,11,14,27,0,0,0,0,0,0,0,0,0,0,
12,14/04/2016,Skagastrond,Alda HU,D,65.5683,20.2513,13,24.44,3,6,8,66,11,14,23,0,0,0,0,0,0,0,0,0,0,
13,07/05/2016,Skagastrond,Dagrún HU,D,65.5893,21.206,5,9.4,6,2,3,81,10.5,14,69,1,0,0,0,0,0,0,0,1,0,
13,07/05/2016,Skagastrond,Dagrún HU,D,65.5887,21.2023,5,9.4,6,4,3,81,10.5,14,52,1,0,0,0,1,0,0,0,0,0,
13,07/05/2016,Skagastrond,Dagrún HU,D,65.5905,21.2122,4,7.52,6,1,4,81,10.5,14,62,1,0,0,1,0,0,0,0,0,0,
13,07/05/2016,Skagastrond,Dagrún HU,D,65.5879,21.197,5,9.4,6,7,3,81,10.5,14,33,1,1,0,0,0,0,0,0,0,0,
13,07/05/2016,Skagastrond,Dagrún HU,D,65.5878,21.1946,6,11.28,6,8,3,81,10.5,14,46,1,1,0,0,0,0,0,0,0,0,
13,07/05/2016,Skagastrond,Dagrún HU,D,65.5884,21.2006,4,7.52,6,5,3,81,10.5,14,52,3,3,0,0,0,0,0,0,0,0,
13,07/05/2016,Skagastrond,Dagrún HU,D,65.5891,21.2041,6,11.28,6,3,3,81,10.5,14,64,0,0,0,0,0,0,0,0,0,0,
13,07/05/2016,Skagastrond,Dagrún HU,D,65.5883,21.1992,6,11.28,6,6,3,81,10.5,14,55,0,0,0,0,0,0,0,0,0,0,
13,07/05/2016,Skagastrond,Dagrún HU,D,65.588,21.1923,7,13.16,6,9,3,81,10.5,14,36,0,0,0,0,0,0,0,0,0,0,
14,08/05/2016,Djupavik,Dagrún HU,D,65.5968,21.1751,13,24.44,7,1,8,81,10.5,14,64,0,0,0,0,0,0,0,0,0,0,
14,08/05/2016,Djupavik,Dagrún HU,D,65.5881,21.1317,37,69.56,7,2,8,81,10.5,14,38,0,0,0,0,0,0,0,0,0,0,
14,08/05/2016,Djupavik,Dagrún HU,D,65.586,21.1219,44,82.72,7,3,8,81,10.5,14,23,0,0,0,0,0,0,0,0,0,0,
14,08/05/2016,Djupavik,Dagrún HU,D,65.5858,21.134,32,60.16,7,4,8,81,10.5,14,22,0,0,0,0,0,0,0,0,0,0,
14,08/05/2016,Djupavik,Dagrún HU,D,65.5851,21.1425,25,47,7,5,8,81,10.5,14,47,0,0,0,0,0,0,0,0,0,0,
14,08/05/2016,Djupavik,Dagrún HU,D,65.584,21.1317,44,82.72,7,6,8,81,10.5,14,32,0,0,0,0,0,0,0,0,0,0,
14,08/05/2016,Djupavik,Dagrún HU,D,65.5825,21.1328,41,77.08,7,7,8,81,10.5,14,37,0,0,0,0,0,0,0,0,0,0,
14,08/05/2016,Djupavik,Dagrún HU,D,65.5767,21.1126,52,97.76,7,8,8,81,10.5,14,22,0,0,0,0,0,0,0,0,0,0,
15,13/05/2016,Akranes,Mar AK,A,64.30345,22.2891,16.1,30.268,4,1,5,82,10.2,12,80,0,0,0,0,0,0,0,0,0,0,
15,13/05/2016,Akranes,Mar AK,A,64.30407,22.2902,16.1,30.268,4,2,5,82,10.2,12,65,0,0,0,0,0,0,0,0,0,0,
15,13/05/2016,Akranes,Mar AK,A,64.30572,22.27178,18.9,35.532,4,3,5,82,10.2,12,60,0,0,0,0,0,0,0,0,0,0,
15,13/05/2016,Akranes,Mar AK,A,64.20728,22.26983,16.9,31.772,4,4,5,82,10.2,12,50,0,0,0,0,0,0,0,0,0,0,
15,13/05/2016,Akranes,Mar AK,A,64.31007,22.27663,15.4,28.952,4,5,5,82,10.2,12,40,0,0,0,0,0,0,0,0,0,0,
15,13/05/2016,Akranes,Mar AK,A,64.31496,22.26365,15.3,28.764,4,6,5,82,10.2,12,50,0,0,0,0,0,0,0,0,0,0,
15,13/05/2016,Akranes,Mar AK,A,64.2683,22.4559,27.4,51.512,4,7,5,82,10.2,12,40,0,0,0,0,0,0,0,0,0,0,
15,13/05/2016,Akranes,Mar AK,A,64.26836,22.24449,20.4,38.352,4,8,5,82,10.2,12,50,0,0,0,0,0,0,0,0,0,0,
16,18/05/2016,Husavik,Ásdís ÞH,E,66.127,17.0923,4,7.52,6,8,5,64,10.5,12,96,1,0,0,0,0,0,1,0,0,0,
16,18/05/2016,Husavik,Ásdís ÞH,E,66.1284,17.0917,5,9.4,6,7,5,64,10.5,12,72,1,1,0,0,0,0,0,0,0,0,
16,18/05/2016,Husavik,Ásdís ÞH,E,66.1265,17.0219,4,7.52,6,1,5,64,10.5,12,41,0,0,0,0,0,0,0,0,0,0,
16,18/05/2016,Husavik,Ásdís ÞH,E,66.1271,17.0258,6,11.28,6,2,5,64,10.5,12,14,0,0,0,0,0,0,0,0,0,0,
16,18/05/2016,Husavik,Ásdís ÞH,E,66.1267,17.0299,5,9.4,6,3,4,64,10.5,12,48,0,0,0,0,0,0,0,0,0,0,
16,18/05/2016,Husavik,Ásdís ÞH,E,66.1258,17.0383,4,7.52,6,4,4,64,10.5,12,5,0,0,0,0,0,0,0,0,0,0,
16,18/05/2016,Husavik,Ásdís ÞH,E,66.1249,17.0462,4,7.52,6,5,4,64,10.5,12,49,0,0,0,0,0,0,0,0,0,0,
16,18/05/2016,Husavik,Ásdís ÞH,E,66.1252,17.0597,4,7.52,6,6,5,64,10.5,12,63,0,0,0,0,0,0,0,0,0,0,
16,18/05/2016,Husavik,Ásdís ÞH,E,66.1209,17.1088,5,9.4,6,9,4,64,10.5,12,75,0,0,0,0,0,0,0,0,0,0,
16,18/05/2016,Husavik,Ásdís ÞH,E,66.1132,17.1484,4,7.52,6,10,4,64,10.5,12,90,0,0,0,0,0,0,0,0,0,0,
17,19/05/2016,Kopasker,Hafalda,E,66.20284,16.31157,7.1,13.348,3,1,7,58,10.5,12,87,0,0,0,0,0,0,0,0,0,0,
17,19/05/2016,Kopasker,Hafalda,E,66.20136,16.29629,7.8,14.664,3,2,7,58,10.5,12,78,0,0,0,0,0,0,0,0,0,0,
17,19/05/2016,Kopasker,Hafalda,E,66.19875,16.29267,3.6,6.768,3,3,7,58,10.5,12,100,0,0,0,0,0,0,0,0,0,0,
17,19/05/2016,Kopasker,Hafalda,E,66.19484,16.29046,4.2,7.896,3,4,7,58,10.5,12,78,0,0,0,0,0,0,0,0,0,0,
17,19/05/2016,Kopasker,Hafalda,E,66.19007,16.29485,7.9,14.852,3,5,7,58,10.5,12,92,0,0,0,0,0,0,0,0,0,0,
17,19/05/2016,Kopasker,Hafalda,E,66.18841,16.29412,9,16.92,3,6,7,58,10.5,12,82,0,0,0,0,0,0,0,0,0,0,
17,19/05/2016,Kopasker,Hafalda,E,66.18719,16.2898,8.3,15.604,3,7,7,58,10.5,12,43,0,0,0,0,0,0,0,0,0,0,
17,19/05/2016,Kopasker,Hafalda,E,66.18509,16.28852,6.8,12.784,3,8,7,58,10.5,12,63,0,0,0,0,0,0,0,0,0,0,
17,19/05/2016,Kopasker,Hafalda,E,66.18345,16.28739,10.4,19.552,3,9,7,58,10.5,12,66,0,0,0,0,0,0,0,0,0,0,
17,19/05/2016,Kopasker,Hafalda,E,66.18223,16.28655,8.6,16.168,3,10,7,58,10.5,12,72,0,0,0,0,0,0,0,0,0,0,
17,19/05/2016,Kopasker,Hafalda,E,66.18185,16.28407,6.6,12.408,3,11,7,58,10.5,12,45,0,0,0,0,0,0,0,0,0,0,
18,19/05/2016,Kopasker,Straumur EA,E,66.2826,16.3409,2,3.76,2,4,7,62,10.5,12,50,2,0,2,0,0,0,0,0,0,0,
18,19/05/2016,Kopasker,Straumur EA,E,66.2913,16.3492,2.5,4.7,2,1,7,62,10.5,12,20,0,0,0,0,0,0,0,0,0,0,
18,19/05/2016,Kopasker,Straumur EA,E,66.2883,16.3503,3,5.64,2,2,7,62,10.5,12,100,0,0,0,0,0,0,0,0,0,0,
18,19/05/2016,Kopasker,Straumur EA,E,66.2839,16.3446,2,3.76,2,3,8,62,10.5,12,80,0,0,0,0,0,0,0,0,0,0,
18,19/05/2016,Kopasker,Straumur EA,E,66.2595,16.3432,4,7.52,2,5,7,62,10.5,12,31,0,0,0,0,0,0,0,0,0,0,
18,19/05/2016,Kopasker,Straumur EA,E,66.2582,16.3413,4,7.52,2,6,7,62,10.5,12,45,0,0,0,0,0,0,0,0,0,0,
18,19/05/2016,Kopasker,Straumur EA,E,66.2484,16.3324,2,3.76,2,7,7,62,10.5,12,60,0,0,0,0,0,0,0,0,0,0,
18,19/05/2016,Kopasker,Straumur EA,E,66.2446,16.3266,3,5.64,2,8,7,62,10.5,12,45,0,0,0,0,0,0,0,0,0,0,
18,19/05/2016,Kopasker,Straumur EA,E,66.2429,16.3262,2,3.76,2,9,7,62,10.5,12,53,0,0,0,0,0,0,0,0,0,0,
18,19/05/2016,Kopasker,Straumur EA,E,66.2412,16.3251,3,5.64,2,10,7,62,10.5,12,110,0,0,0,0,0,0,0,0,0,0,
18,19/05/2016,Kopasker,Straumur EA,E,66.2399,16.3224,3,5.64,2,11,7,62,10.5,12,38,0,0,0,0,0,0,0,0,0,0,
18,19/05/2016,Kopasker,Straumur EA,E,66.2022,16.3125,6,11.28,2,12,7,62,10.5,12,50,0,0,0,0,0,0,0,0,0,0,
18,19/05/2016,Kopasker,Straumur EA,E,66.2021,16.2996,4,7.52,2,13,7,62,10.5,12,48,0,0,0,0,0,0,0,0,0,0,
18,19/05/2016,Kopasker,Straumur EA,E,66.196,16.296,3,5.64,2,14,7,62,10.5,12,70,0,0,0,0,0,0,0,0,0,0,
18,19/05/2016,Kopasker,Straumur EA,E,66.1837,16.2898,3,5.64,2,15,7,62,10.5,12,50,0,0,0,0,0,0,0,0,0,0,
18,19/05/2016,Kopasker,Straumur EA,E,66.1828,16.2903,3,5.64,2,16,7,62,10.5,12,45,0,0,0,0,0,0,0,0,0,0,
18,19/05/2016,Kopasker,Straumur EA,E,66.1815,16.2868,5,9.4,2,17,7,62,10.5,12,80,0,0,0,0,0,0,0,0,0,0,
19,20/05/2016,Raufarhofn,Kristinn ÞH,E,66.2571,16.3424,10.7,20.116,2,1,6,72,10.5,12,130,0,0,0,0,0,0,0,0,0,0,
19,20/05/2016,Raufarhofn,Kristinn ÞH,E,66.2602,16.3384,4.1,7.708,2,2,6,72,10.5,12,75,0,0,0,0,0,0,0,0,0,0,
19,20/05/2016,Raufarhofn,Kristinn ÞH,E,66.2627,16.3471,10.3,19.364,2,3,6,72,10.5,12,34,0,0,0,0,0,0,0,0,0,0,
19,20/05/2016,Raufarhofn,Kristinn ÞH,E,66.2662,16.3474,7.8,14.664,2,4,4,72,10.5,12,38,0,0,0,0,0,0,0,0,0,0,
19,20/05/2016,Raufarhofn,Kristinn ÞH,E,66.2695,16.3516,9.2,17.296,2,5,5,72,10.5,12,28,0,0,0,0,0,0,0,0,0,0,
19,20/05/2016,Raufarhofn,Kristinn ÞH,E,66.2707,16.3519,8.8,16.544,2,6,6,72,10.5,12,30,0,0,0,0,0,0,0,0,0,0,
19,20/05/2016,Raufarhofn,Kristinn ÞH,E,66.2725,16.3555,9.7,18.236,2,7,6,72,10.5,12,40,0,0,0,0,0,0,0,0,0,0,
19,20/05/2016,Raufarhofn,Kristinn ÞH,E,66.2735,16.352,9.8,18.424,2,8,6,72,10.5,12,32,0,0,0,0,0,0,0,0,0,0,
19,20/05/2016,Raufarhofn,Kristinn ÞH,E,66.2815,16.3509,10.5,19.74,2,9,6,72,10.5,12,30,0,0,0,0,0,0,0,0,0,0,
19,20/05/2016,Raufarhofn,Kristinn ÞH,E,66.2828,16.3502,8.6,16.168,2,10,6,72,10.5,12,38,0,0,0,0,0,0,0,0,0,0,
19,20/05/2016,Raufarhofn,Kristinn ÞH,E,66.2853,16.3563,9.7,18.236,2,11,6,72,10.5,12,40,0,0,0,0,0,0,0,0,0,0,
19,20/05/2016,Raufarhofn,Kristinn ÞH,E,66.2891,16.3558,11.5,21.62,2,12,6,72,10.5,12,20,0,0,0,0,0,0,0,0,0,0,
19,20/05/2016,Raufarhofn,Kristinn ÞH,E,66.2872,16.3567,11.5,21.62,2,13,6,72,10.5,12,32,0,0,0,0,0,0,0,0,0,0,
20,20/05/2016,Raufarhofn,Nanna Ósk ÞH,E,66.2809,15.5469,4,7.52,2,1,10,66,10.5,12,100,1,0,1,0,0,0,0,0,0,0,
20,20/05/2016,Raufarhofn,Nanna Ósk ÞH,E,66.2829,15.5362,6,11.28,2,2,10,66,10.5,12,60,0,0,0,0,0,0,0,0,0,0,
20,20/05/2016,Raufarhofn,Nanna Ósk ÞH,E,66.2846,15.5325,5,9.4,2,3,10,66,10.5,12,30,0,0,0,0,0,0,0,0,0,0,
20,20/05/2016,Raufarhofn,Nanna Ósk ÞH,E,66.2859,15.5306,4,7.52,2,4,10,66,10.5,12,40,0,0,0,0,0,0,0,0,0,0,
20,20/05/2016,Raufarhofn,Nanna Ósk ÞH,E,66.2863,15.5226,5,9.4,1,5,10,66,10.5,12,20,0,0,0,0,0,0,0,0,0,0,
20,20/05/2016,Raufarhofn,Nanna Ósk ÞH,E,66.2963,15.5245,4,7.52,2,6,5,66,10.5,12,40,0,0,0,0,0,0,0,0,0,0,
20,20/05/2016,Raufarhofn,Nanna Ósk ÞH,E,66.3014,15.5343,5,9.4,1,7,10,66,10.5,12,35,0,0,0,0,0,0,0,0,0,0,
20,23/05/2016,Raufarhofn,Nanna Ósk ÞH,E,66.3026,15.5385,5,9.4,1,8,5,66,10.5,12,20,0,0,0,0,0,0,0,0,0,0,
21,23/05/2016,Drangsnes,Sundhani ST,B,65.4339,21.205,5.1,9.588,4,1,7,69,10.5,12,40,0,0,0,0,0,0,0,0,0,0,
21,23/05/2016,Drangsnes,Sundhani ST,B,65.4399,21.2004,4.7,8.836,4,2,7,69,10.5,12,53,0,0,0,0,0,0,0,0,0,0,
21,23/05/2016,Drangsnes,Sundhani ST,B,65.4576,21.1665,7,13.16,3,3,7,69,10.5,12,90,0,0,0,0,0,0,0,0,0,0,
21,23/05/2016,Drangsnes,Sundhani ST,B,65.46,21.1828,7,13.16,3,4,7,69,10.5,12,117,0,0,0,0,0,0,0,0,0,0,
21,23/05/2016,Drangsnes,Sundhani ST,B,65.465,21.2034,6,11.28,3,5,7,69,10.5,12,90,0,0,0,0,0,0,0,0,0,0,
21,23/05/2016,Drangsnes,Sundhani ST,B,65.4927,21.1682,7,13.16,3,6,7,69,10.5,12,127,0,0,0,0,0,0,0,0,0,0,
21,23/05/2016,Drangsnes,Sundhani ST,B,65.4992,21.1594,7,13.16,3,7,7,69,10.5,12,36,0,0,0,0,0,0,0,0,0,0,
21,23/05/2016,Drangsnes,Sundhani ST,B,65.5024,21.1542,6,11.28,3,8,6,69,10.5,12,56,0,0,0,0,0,0,0,0,0,0,
21,23/05/2016,Drangsnes,Sundhani ST,B,65.504,21.149,5,9.4,3,9,7,69,10.5,12,65,0,0,0,0,0,0,0,0,0,0,
21,23/05/2016,Drangsnes,Sundhani ST,B,65.5133,21.1431,8,15.04,3,10,7,69,10.5,12,85,0,0,0,0,0,0,0,0,0,0,
21,23/05/2016,Drangsnes,Sundhani ST,B,65.5158,21.1452,5,9.4,3,11,7,69,10.5,12,85,0,0,0,0,0,0,0,0,0,0,
21,23/05/2016,Drangsnes,Sundhani ST,B,65.5183,21.1539,4,7.52,3,12,6,69,10.5,12,50,0,0,0,0,0,0,0,0,0,0,
21,23/05/2016,Drangsnes,Sundhani ST,B,65.5521,21.1402,6,11.28,3,13,6,69,10.5,12,90,0,0,0,0,0,0,0,0,0,0,
21,23/05/2016,Drangsnes,Sundhani ST,B,65.551,21.1531,10,18.8,3,14,7,69,10.5,12,40,0,0,0,0,0,0,0,0,0,0,
21,23/05/2016,Drangsnes,Sundhani ST,B,65.5524,21.1512,12,22.56,3,15,6,69,10.5,12,42,0,0,0,0,0,0,0,0,0,0,
21,23/05/2016,Drangsnes,Sundhani ST,B,65.5375,21.143,7,13.16,3,16,7,69,10.5,12,45,0,0,0,0,0,0,0,0,0,0,
22,30/05/2016,Stykkisholmur,Hanna Ellerts SH,B,65.190799,22.2445,4,7.52,3,2,5,70,11,14,24,1,1,0,0,0,0,0,0,0,0,
22,30/05/2016,Stykkisholmur,Hanna Ellerts SH,B,65.192389,22.237876,4,7.52,3,1,5,70,11,14,40,0,0,0,0,0,0,0,0,0,0,
22,30/05/2016,Stykkisholmur,Hanna Ellerts SH,B,65.1925,22.2413,8.5,15.98,3,3,5,70,11,14,31,0,0,0,0,0,0,0,0,0,0,
22,30/05/2016,Stykkisholmur,Hanna Ellerts SH,B,65.194201,22.2376,3,5.64,3,4,5,70,11,14,63,0,0,0,0,0,0,0,0,0,0,
22,30/05/2016,Stykkisholmur,Hanna Ellerts SH,B,65.195701,22.23,5,9.4,3,5,5,70,11,14,55,0,0,0,0,0,0,0,0,0,0,
22,30/05/2016,Stykkisholmur,Hanna Ellerts SH,B,65.191799,22.2484,4,7.52,3,6,5,70,11,14,41,0,0,0,0,0,0,0,0,0,0,
22,30/05/2016,Stykkisholmur,Hanna Ellerts SH,B,65.193,22.2495,4,7.52,3,7,5,70,11,14,32,0,0,0,0,0,0,0,0,0,0,
22,30/05/2016,Stykkisholmur,Hanna Ellerts SH,B,65.192799,22.2726,7,13.16,3,8,5,70,11,14,26,0,0,0,0,0,0,0,0,0,0,
22,30/05/2016,Stykkisholmur,Hanna Ellerts SH,B,65.192799,22.2746,6,11.28,3,9,5,70,11,14,35,0,0,0,0,0,0,0,0,0,0,
22,30/05/2016,Stykkisholmur,Hanna Ellerts SH,B,65.193902,22.2758,7.2,13.536,3,10,5,70,11,14,44,0,0,0,0,0,0,0,0,0,0,
22,30/05/2016,Stykkisholmur,Hanna Ellerts SH,B,65.190299,22.2851,5,9.4,3,11,5,70,11,14,82,0,0,0,0,0,0,0,0,0,0,
23,29/05/2016,Reykholar,Nóney ,B,65.25144,22.19393,,6,6,7,8,60,10.5,,45,3,0,3,0,0,0,0,0,0,1,landselur
23,29/05/2016,Reykholar,Nóney ,B,65.24783,22.20598,,14.1,6,1,8,60,10.5,,68,3,1,1,1,0,0,0,0,0,0,
23,29/05/2016,Reykholar,Nóney ,B,65.25132,22.20071,,8,6,5,8,60,10.5,,69,5,2,2,1,0,0,0,0,0,0,
23,29/05/2016,Reykholar,Nóney ,B,65.25103,22.19832,,8,6,4,8,60,10.5,,49,1,0,1,0,0,0,0,0,0,0,
23,29/05/2016,Reykholar,Nóney ,B,65.2519,22.19571,,3,6,6,8,60,10.5,,36,3,1,2,0,0,0,0,0,0,0,
23,29/05/2016,Reykholar,Nóney ,B,65.24735,22.20387,,15,6,3,8,60,10.5,,62,0,0,0,0,0,0,0,0,0,0,
23,29/05/2016,Reykholar,Nóney ,B,65.24894,22.20047,,6,6,8,8,60,10.5,,50,0,0,0,0,0,0,0,0,0,0,
24,02/06/2016,Stykkisholmur,Anna Karin SH,B,65.05523,23.01189,,11,4,15,6,49,10.5,12,23,2,1,1,0,0,0,0,0,0,1,Hnysa
24,02/06/2016,Stykkisholmur,Anna Karin SH,B,65.05848,23.00473,,9,4,16,6,49,10.5,12,22,2,1,0,1,0,0,0,0,0,0,
24,02/06/2016,Stykkisholmur,Anna Karin SH,B,65.048,22.509,,13,4,25,6,49,10.5,12,29,1,0,1,0,0,0,0,0,0,0,
24,02/06/2016,Stykkisholmur,Anna Karin SH,B,65.04796,22.55057,,9,4,4,4,49,10.5,12,16,1,1,0,0,0,0,0,0,0,0,
24,02/06/2016,Stykkisholmur,Anna Karin SH,B,65.04809,22.55113,,13,4,5,6,49,10.5,12,25,1,1,0,0,0,0,0,0,0,0,
24,02/06/2016,Stykkisholmur,Anna Karin SH,B,65.05553,23.01203,,10,4,14,6,49,10.5,12,15,1,1,0,0,0,0,0,0,0,0,
24,02/06/2016,Stykkisholmur,Anna Karin SH,B,65.04852,22.5472,,9,4,1,6,49,10.5,12,22,0,0,0,0,0,0,0,0,0,0,
24,02/06/2016,Stykkisholmur,Anna Karin SH,B,65.04937,22.54408,,10,4,2,6,49,10.5,12,25,0,0,0,0,0,0,0,0,0,0,
24,02/06/2016,Stykkisholmur,Anna Karin SH,B,65.04757,22.55104,,10,4,3,6,49,10.5,12,13,0,0,0,0,0,0,0,0,0,0,
24,02/06/2016,Stykkisholmur,Anna Karin SH,B,65.04308,22.53122,,13,4,6,5,49,10.5,12,4,0,0,0,0,0,0,0,0,0,0,
24,02/06/2016,Stykkisholmur,Anna Karin SH,B,65.04136,22.55472,,8,4,7,6,49,10.5,12,14,0,0,0,0,0,0,0,0,0,0,
24,02/06/2016,Stykkisholmur,Anna Karin SH,B,65.0415,22.535,,8,4,8,6,49,10.5,12,11,0,0,0,0,0,0,0,0,0,0,
24,02/06/2016,Stykkisholmur,Anna Karin SH,B,65.04283,22.52983,,12,4,9,6,49,10.5,12,9,0,0,0,0,0,0,0,0,0,0,
24,02/06/2016,Stykkisholmur,Anna Karin SH,B,65.05933,23.01456,,5,4,10,6,49,10.5,12,29,0,0,0,0,0,0,0,0,0,0,
24,02/06/2016,Stykkisholmur,Anna Karin SH,B,65.05966,23.01503,,15,4,11,6,49,10.5,12,14,0,0,0,0,0,0,0,0,0,0,
24,02/06/2016,Stykkisholmur,Anna Karin SH,B,65.05884,23.01623,,10,4,12,6,49,10.5,12,11,0,0,0,0,0,0,0,0,0,0,
24,02/06/2016,Stykkisholmur,Anna Karin SH,B,65.05868,23.01656,,12,4,13,6,49,10.5,12,15,0,0,0,0,0,0,0,0,0,0,
24,02/06/2016,Stykkisholmur,Anna Karin SH,B,65.05311,23.00275,,8,4,17,6,49,10.5,12,17,0,0,0,0,0,0,0,0,0,0,
24,02/06/2016,Stykkisholmur,Anna Karin SH,B,65.05285,22.59884,,10,4,18,6,49,10.5,12,23,0,0,0,0,0,0,0,0,0,0,
24,02/06/2016,Stykkisholmur,Anna Karin SH,B,65.04968,22.50352,,8,4,19,6,49,10.5,12,17,0,0,0,0,0,0,0,0,0,0,
24,02/06/2016,Stykkisholmur,Anna Karin SH,B,65.04963,22.5025,,5,4,20,6,49,10.5,12,14,0,0,0,0,0,0,0,0,0,0,
24,02/06/2016,Stykkisholmur,Anna Karin SH,B,65.04769,22.50852,,7,4,21,6,49,10.5,12,13,0,0,0,0,0,0,0,0,0,0,
24,02/06/2016,Stykkisholmur,Anna Karin SH,B,65.04792,22.5086,,10,4,22,6,49,10.5,12,22,0,0,0,0,0,0,0,0,0,0,
24,02/06/2016,Stykkisholmur,Anna Karin SH,B,65.04918,22.5062,,10,4,23,6,49,10.5,12,26,0,0,0,0,0,0,0,0,0,0,
24,02/06/2016,Stykkisholmur,Anna Karin SH,B,65.04794,22.5084,,10,4,24,6,49,10.5,12,11,0,0,0,0,0,0,0,0,0,0,
24,02/06/2016,Stykkisholmur,Anna Karin SH,B,65.04825,22.50902,,14,4,26,6,49,10.5,12,22,0,0,0,0,0,0,0,0,0,0,
25,14/06/2016,Stykkisholmur,Fjóla SH,B,65.2058,22.5413,5,9.4,4,18,5,66,10.5,12,89,1,0,0,1,0,0,0,0,0,0,
25,14/06/2016,Stykkisholmur,Fjóla SH,B,65.2189,22.507,4,7.52,4,11,5,66,10.5,12,76,1,1,0,0,0,0,0,0,0,0,
25,14/06/2016,Stykkisholmur,Fjóla SH,B,65.1803,22.5539,3,5.64,4,21,5,66,10.5,12,81,1,1,0,0,0,0,0,0,0,0,
25,14/06/2016,Stykkisholmur,Fjóla SH,B,65.2275,22.4216,7,13.16,4,1,5,66,10.5,12,66,0,0,0,0,0,0,0,0,0,0,
25,14/06/2016,Stykkisholmur,Fjóla SH,B,65.2265,22.4251,6,11.28,4,2,5,66,10.5,12,52,0,0,0,0,0,0,0,0,0,0,
25,14/06/2016,Stykkisholmur,Fjóla SH,B,65.5384,22.4105,5,9.4,4,3,5,66,10.5,12,64,0,0,0,0,0,0,0,0,0,0,
25,14/06/2016,Stykkisholmur,Fjóla SH,B,65.2396,22.4071,4,7.52,4,4,5,66,10.5,12,82,0,0,0,0,0,0,0,0,0,0,
25,14/06/2016,Stykkisholmur,Fjóla SH,B,65.2407,22.4044,5,9.4,4,5,5,66,10.5,12,34,0,0,0,0,0,0,0,0,0,0,
25,14/06/2016,Stykkisholmur,Fjóla SH,B,65.238,22.4359,5,9.4,4,6,5,66,10.5,12,58,0,0,0,0,0,0,0,0,0,0,
25,14/06/2016,Stykkisholmur,Fjóla SH,B,65.2392,22.4319,4,7.52,4,7,5,66,10.5,12,47,0,0,0,0,0,0,0,0,0,0,
25,14/06/2016,Stykkisholmur,Fjóla SH,B,65.2426,22.4259,4,7.52,4,8,5,66,10.5,12,22,0,0,0,0,0,0,0,0,0,0,
25,14/06/2016,Stykkisholmur,Fjóla SH,B,65.2098,22.5261,3,5.64,4,9,5,66,10.5,12,99,0,0,0,0,0,0,0,0,0,0,
25,14/06/2016,Stykkisholmur,Fjóla SH,B,65.2131,22.5147,3,5.64,4,10,5,66,10.5,12,68,0,0,0,0,0,0,0,0,0,0,
25,14/06/2016,Stykkisholmur,Fjóla SH,B,65.249,22.574,5,9.4,4,12,5,66,10.5,12,69,0,0,0,0,0,0,0,0,0,0,
25,14/06/2016,Stykkisholmur,Fjóla SH,B,65.2513,22.5682,4,7.52,4,13,5,66,10.5,12,37,0,0,0,0,0,0,0,0,0,0,
25,14/06/2016,Stykkisholmur,Fjóla SH,B,65.253,22.5638,5,9.4,4,14,5,66,10.5,12,75,0,0,0,0,0,0,0,0,0,0,
25,14/06/2016,Stykkisholmur,Fjóla SH,B,65.2608,22.5545,6,11.28,4,15,5,66,10.5,12,46,0,0,0,0,0,0,0,0,0,0,
25,14/06/2016,Stykkisholmur,Fjóla SH,B,65.2604,22.5511,5,9.4,4,16,5,66,10.5,12,50,0,0,0,0,0,0,0,0,0,0,
25,14/06/2016,Stykkisholmur,Fjóla SH,B,65.2601,22.54,4,7.52,4,17,5,66,10.5,12,41,0,0,0,0,0,0,0,0,0,0,
25,14/06/2016,Stykkisholmur,Fjóla SH,B,65.198,22.5531,5,9.4,4,19,5,66,10.5,12,21,0,0,0,0,0,0,0,0,0,0,
25,14/06/2016,Stykkisholmur,Fjóla SH,B,65.1818,22.5516,4,7.52,4,20,5,66,10.5,12,61,0,0,0,0,0,0,0,0,0,0,
25,14/06/2016,Stykkisholmur,Fjóla SH,B,65.1793,22.5558,4,7.52,4,22,5,66,10.5,12,59,0,0,0,0,0,0,0,0,0,0,
25,14/06/2016,Stykkisholmur,Fjóla SH,B,65.1787,22.5586,5,9.4,4,23,5,66,10.5,12,61,0,0,0,0,0,0,0,0,0,0,
26,15/06/2016,Stykkisholmur,Hanna Ellerts SH,B,65.218,22.5089,5,9.4,5,6,5,70,10.5,14,78,2,0,2,0,0,0,0,0,0,1,landselur
26,15/06/2016,Stykkisholmur,Hanna Ellerts SH,B,65.238,22.4865,5,9.4,5,10,5,70,10.5,14,65,1,1,0,0,0,0,0,0,0,0,
26,15/06/2016,Stykkisholmur,Hanna Ellerts SH,B,65.1728,22.4683,5,9.4,5,1,5,70,10.5,14,68,0,0,0,0,0,0,0,0,0,0,
26,15/06/2016,Stykkisholmur,Hanna Ellerts SH,B,65.2128,22.5158,5,9.4,5,2,5,70,10.5,14,69,0,0,0,0,0,0,0,0,0,0,
26,15/06/2016,Stykkisholmur,Hanna Ellerts SH,B,65.2139,22.5139,5,9.4,5,3,5,70,10.5,14,84,0,0,0,0,0,0,0,0,0,0,
26,15/06/2016,Stykkisholmur,Hanna Ellerts SH,B,65.2144,22.5126,7,13.16,5,4,5,70,10.5,14,73,0,0,0,0,0,0,0,0,0,0,
26,15/06/2016,Stykkisholmur,Hanna Ellerts SH,B,65.2156,22.5125,5,9.4,5,5,5,70,10.5,14,66,0,0,0,0,0,0,0,0,0,0,
26,15/06/2016,Stykkisholmur,Hanna Ellerts SH,B,65.2207,22.5007,5,9.4,5,7,5,70,10.5,14,68,0,0,0,0,0,0,0,0,0,0,
26,15/06/2016,Stykkisholmur,Hanna Ellerts SH,B,65.2218,22.5988,5,9.4,5,8,5,70,10.5,14,53,0,0,0,0,0,0,0,0,0,0,
26,15/06/2016,Stykkisholmur,Hanna Ellerts SH,B,65.223,22.5968,5,9.4,5,9,5,70,10.5,14,82,0,0,0,0,0,0,0,0,0,0,
26,15/06/2016,Stykkisholmur,Hanna Ellerts SH,B,65.238,22.4819,5,9.4,5,11,5,70,10.5,14,78,0,0,0,0,0,0,0,0,0,0,
27,14/06/2016,Stykkisholmur,María SH,B,,,,0,4,5,10,36,10.5,12,20,1,1,0,0,0,0,0,0,0,1,landselur
27,14/06/2016,Stykkisholmur,María SH,B,,,,0,4,3,10,36,10.5,12,35,1,0,0,1,0,0,0,0,0,0,
27,14/06/2016,Stykkisholmur,María SH,B,65.24492,22.40939,6.2,11.656,4,1,10,36,10.5,12,20,0,0,0,0,0,0,0,0,0,0,
27,14/06/2016,Stykkisholmur,María SH,B,,,,0,4,2,10,36,10.5,12,32,0,0,0,0,0,0,0,0,0,0,
27,14/06/2016,Stykkisholmur,María SH,B,,,,0,4,4,10,36,10.5,16,18,0,0,0,0,0,0,0,0,0,0,
27,14/06/2016,Stykkisholmur,María SH,B,,,,0,4,6,10,36,10.5,12,18,0,0,0,0,0,0,0,0,0,0,
27,14/06/2016,Stykkisholmur,María SH,B,,,,0,4,7,10,36,10.5,16,21,0,0,0,0,0,0,0,0,0,0,
27,14/06/2016,Stykkisholmur,María SH,B,,,,0,4,8,10,36,10.5,12,33,0,0,0,0,0,0,0,0,0,0,
27,14/06/2016,Stykkisholmur,María SH,B,,,,0,4,9,10,36,10.5,16,20,0,0,0,0,0,0,0,0,0,0,
27,14/06/2016,Stykkisholmur,María SH,B,,,,0,4,10,10,36,10.5,12,31,0,0,0,0,0,0,0,0,0,0,
27,14/06/2016,Stykkisholmur,María SH,B,,,,0,4,11,10,36,10.5,12,27,0,0,0,0,0,0,0,0,0,0,
28,15/06/2016,Stykkisholmur,Íris SH,B,65.0255,23.0153,,3,3,2,8,37,10.5,12,12,1,1,0,0,0,0,0,0,0,0,
28,15/06/2016,Stykkisholmur,Íris SH,B,65.0328,22.5714,,10,2,15,8,37,10.5,12,17,1,1,0,0,0,0,0,0,0,0,
28,15/06/2016,Stykkisholmur,Íris SH,B,65.04,22.5941,,4,3,11,8,37,10.5,12,36,2,2,0,0,0,0,0,0,0,0,
28,15/06/2016,Stykkisholmur,Íris SH,B,65.0328,22.5711,,4,2,14,8,37,10.5,12,15,3,3,0,0,0,0,0,0,0,0,
28,15/06/2016,Stykkisholmur,Íris SH,B,65.0258,23.0152,,5,3,1,8,37,10.5,12,18,0,0,0,0,0,0,0,0,0,0,
28,15/06/2016,Stykkisholmur,Íris SH,B,65.0316,23.0512,,6,2,3,8,37,10.5,12,32,0,0,0,0,0,0,0,0,0,0,
28,15/06/2016,Stykkisholmur,Íris SH,B,65.0297,23.0663,,8,2,4,8,37,10.5,12,30,0,0,0,0,0,0,0,0,0,0,
28,15/06/2016,Stykkisholmur,Íris SH,B,65.0299,23.0667,,6,2,5,10,37,10.5,12,32,0,0,0,0,0,0,0,0,0,0,
28,15/06/2016,Stykkisholmur,Íris SH,B,65.0338,23.0464,,7,2,6,8,37,10.5,12,11,0,0,0,0,0,0,0,0,0,0,
28,15/06/2016,Stykkisholmur,Íris SH,B,65.03,23.0413,,4,2,7,8,37,10.5,12,30,0,0,0,0,0,0,0,0,0,0,
28,15/06/2016,Stykkisholmur,Íris SH,B,65.0373,23.0228,,8,2,8,8,37,10.5,12,18,0,0,0,0,0,0,0,0,0,0,
28,15/06/2016,Stykkisholmur,Íris SH,B,65.0399,22.5986,,7,3,9,8,37,10.5,12,36,0,0,0,0,0,0,0,0,0,0,
28,15/06/2016,Stykkisholmur,Íris SH,B,65.0404,22.5936,,6,3,10,8,37,10.5,12,34,0,0,0,0,0,0,0,0,0,0,
28,15/06/2016,Stykkisholmur,Íris SH,B,65.0396,22.5958,,8,3,12,8,37,10.5,12,37,0,0,0,0,0,0,0,0,0,0,
28,15/06/2016,Stykkisholmur,Íris SH,B,65.0342,22.5729,,6,2,13,8,37,10.5,12,33,0,0,0,0,0,0,0,0,0,0,
28,15/06/2016,Stykkisholmur,Íris SH,B,65.0333,22.5791,,6,2,16,6,37,10.5,12,19,0,0,0,0,0,0,0,0,0,0,
28,15/06/2016,Stykkisholmur,Íris SH,B,65.0324,22.5653,,5,2,17,8,37,10.5,12,22,0,0,0,0,0,0,0,0,0,0,
29,30/06/2016,Stykkisholmur,Fríða SH,B,65.0478,22.5085,,4,4,21,6,49,10.5,12,33,2,1,1,0,0,0,0,0,0,2,landselur
29,30/06/2016,Stykkisholmur,Fríða SH,B,65.0588,22.4851,,5,4,24,6,49,10.5,12,8,3,1,0,1,0,1,0,0,0,0,
29,30/06/2016,Stykkisholmur,Fríða SH,B,65.0594,23.0141,,4,4,11,6,49,10.5,12,12,3,2,0,1,0,0,0,0,0,0,
29,30/06/2016,Stykkisholmur,Fríða SH,B,65.0433,22.53404,,6,4,17,4,49,10.5,12,10,1,0,0,1,0,0,0,0,0,0,
29,30/06/2016,Stykkisholmur,Fríða SH,B,65.0481,22.5083,,6,4,23,5,49,10.5,12,12,1,0,0,1,0,0,0,0,0,0,
29,30/06/2016,Stykkisholmur,Fríða SH,B,65.0485,22.5482,,4,4,1,6,49,10.5,12,22,1,0,1,0,0,0,0,0,0,0,
29,30/06/2016,Stykkisholmur,Fríða SH,B,65.0478,22.55,,5,4,3,6,49,10.5,12,18,1,0,1,0,0,0,0,0,0,0,
29,30/06/2016,Stykkisholmur,Fríða SH,B,65.048,22.5505,,6,4,4,6,49,10.5,12,18,1,0,1,0,0,0,0,0,0,0,
29,30/06/2016,Stykkisholmur,Fríða SH,B,65.0481,22.5504,,5,4,5,6,49,10.5,12,13,1,0,1,0,0,0,0,0,0,0,
29,30/06/2016,Stykkisholmur,Fríða SH,B,65.0479,22.5079,,4,4,20,6,49,10.5,12,27,1,0,1,0,0,0,0,0,0,0,
29,30/06/2016,Stykkisholmur,Fríða SH,B,65.0677,22.4916,,6,4,26,4,49,10.5,12,18,1,0,1,0,0,0,0,0,0,0,
29,30/06/2016,Stykkisholmur,Fríða SH,B,65.0531,23.004,,5,4,7,6,49,10.5,12,2,2,0,2,0,0,0,0,0,0,0,
29,30/06/2016,Stykkisholmur,Fríða SH,B,65.0549,23.0117,,5,4,9,6,49,10.5,12,6,1,1,0,0,0,0,0,0,0,0,
29,30/06/2016,Stykkisholmur,Fríða SH,B,65.0427,22.5296,,6,4,16,6,49,10.5,12,7,1,1,0,0,0,0,0,0,0,0,
29,30/06/2016,Stykkisholmur,Fríða SH,B,65.0486,22.5472,,4,4,2,6,49,10.5,12,15,0,0,0,0,0,0,0,0,0,0,
29,30/06/2016,Stykkisholmur,Fríða SH,B,65.0528,22.5995,,6,4,6,6,49,10.5,12,0,0,0,0,0,0,0,0,0,0,0,
29,30/06/2016,Stykkisholmur,Fríða SH,B,65.0535,23.007,,4,4,8,6,49,10.5,12,3,0,0,0,0,0,0,0,0,0,0,
29,30/06/2016,Stykkisholmur,Fríða SH,B,65.0564,23.016,,6,4,10,6,49,10.5,12,17,0,0,0,0,0,0,0,0,0,0,
29,30/06/2016,Stykkisholmur,Fríða SH,B,65.0593,23.0147,,4,4,12,6,49,10.5,12,20,0,0,0,0,0,0,0,0,0,0,
29,30/06/2016,Stykkisholmur,Fríða SH,B,65.0592,23.0156,,6,4,13,6,49,10.5,12,26,0,0,0,0,0,0,0,0,0,0,
29,30/06/2016,Stykkisholmur,Fríða SH,B,65.0413,22.5349,,5,4,14,6,49,10.5,12,23,0,0,0,0,0,0,0,0,0,0,
29,30/06/2016,Stykkisholmur,Fríða SH,B,65.0412,22.5347,,6,4,15,6,49,10.5,12,15,0,0,0,0,0,0,0,0,0,0,
29,30/06/2016,Stykkisholmur,Fríða SH,B,65.0494,22.5065,,7,4,18,6,49,10.5,12,21,0,0,0,0,0,0,0,0,0,0,
29,30/06/2016,Stykkisholmur,Fríða SH,B,65.0492,22.5065,,7,4,19,6,49,10.5,12,44,0,0,0,0,0,0,0,0,0,0,
29,30/06/2016,Stykkisholmur,Fríða SH,B,65.0479,22.5089,,4,4,22,6,49,10.5,12,18,0,0,0,0,0,0,0,0,0,0,
29,30/06/2016,Stykkisholmur,Fríða SH,B,65.0647,22.4902,,4,4,25,4,49,10.5,12,15,0,0,0,0,0,0,0,0,0,0,
29,30/06/2016,Stykkisholmur,Fríða SH,B,65.0687,22.4908,,5,4,27,4,49,10.5,12,12,0,0,0,0,0,0,0,0,0,0,
30,03/07/2016,Stykkisholmur,Ás SH,B,65.0008,23.0141,2,3.76,4,1,8,37,10.5,12,18,3,1,1,1,0,0,0,0,0,0,
30,03/07/2016,Stykkisholmur,Ás SH,B,64.5998,23.018,3,5.64,4,2,8,37,10.5,12,15,1,0,1,0,0,0,0,0,0,0,
30,03/07/2016,Stykkisholmur,Ás SH,B,64.5983,23.0236,3,5.64,4,5,8,37,10.5,12,30,3,1,2,0,0,0,0,0,0,0,
30,03/07/2016,Stykkisholmur,Ás SH,B,64.5999,23.0189,4,7.52,4,3,7,37,10.5,12,47,0,0,0,0,0,0,0,0,0,0,
30,03/07/2016,Stykkisholmur,Ás SH,B,64.5995,23.0205,3,5.64,4,4,7,37,10.5,12,24,0,0,0,0,0,0,0,0,0,0,
31,04/07/2016,Stykkisholmur,Hanna Ellerts SH,B,65.2009,22.3116,10,18.8,4,2,5,70,10.5,14,60,1,0,0,0,1,0,0,0,0,0,
31,04/07/2016,Stykkisholmur,Hanna Ellerts SH,B,65.1929,22.3504,4,7.52,4,1,5,70,10.5,14,40,0,0,0,0,0,0,0,0,0,0,
31,04/07/2016,Stykkisholmur,Hanna Ellerts SH,B,65.2007,22.2902,4,7.52,4,3,5,70,10.5,14,63,0,0,0,0,0,0,0,0,0,0,
31,04/07/2016,Stykkisholmur,Hanna Ellerts SH,B,65.1994,22.2855,4,7.52,4,4,5,70,10.5,14,40,0,0,0,0,0,0,0,0,0,0,
31,04/07/2016,Stykkisholmur,Hanna Ellerts SH,B,65.1968,22.2838,4,7.52,4,5,5,70,10.5,14,39,0,0,0,0,0,0,0,0,0,0,
31,04/07/2016,Stykkisholmur,Hanna Ellerts SH,B,65.1995,22.2538,4,7.52,4,6,5,70,10.5,14,34,0,0,0,0,0,0,0,0,0,0,
31,04/07/2016,Stykkisholmur,Hanna Ellerts SH,B,65.1906,22.2535,3,5.64,4,7,5,70,10.5,14,44,0,0,0,0,0,0,0,0,0,0,
31,04/07/2016,Stykkisholmur,Hanna Ellerts SH,B,65.1903,22.246,3,5.64,4,8,5,70,10.5,14,55,0,0,0,0,0,0,0,0,0,0,
31,04/07/2016,Stykkisholmur,Hanna Ellerts SH,B,65.1921,22.2419,4,7.52,4,9,5,70,10.5,14,58,0,0,0,0,0,0,0,0,0,0,
31,04/07/2016,Stykkisholmur,Hanna Ellerts SH,B,65.1938,22.2378,3,5.64,4,10,5,70,10.5,14,43,0,0,0,0,0,0,0,0,0,0,
31,04/07/2016,Stykkisholmur,Hanna Ellerts SH,B,65.1954,22.2324,3,5.64,4,11,5,70,10.5,14,48,0,0,0,0,0,0,0,0,0,0,
